Komponente,Zusatztext,Bezeichnung,Bezeichner
Zentrale 1;Laurentiushaus;Z/1;
Primärleitung 124;;P/124;
Primärleitung 121;;P/121;
Primärleitung 123;;P/123;
Primärleitung 131;Ltg 131 BA 1 Links;P/131;
Primärleitung 132;Ltg 132 BA2 Rechts;P/132;
Primärleitung 133;Ltg 133 BA 3 Mitte;P/133;
Meldergruppe 200;;G/200;Haus1.200
Meldergruppe 201;;G/201;Haus1.201
Meldergruppe 202;;G/202;Haus1.202
Meldergruppe 203;;G/203;Haus1.203
Meldergruppe 204;;G/204;Haus1.204
Meldergruppe 205;;G/205;Haus1.205
Meldergruppe 206;;G/206;Haus1.206
Meldergruppe 207;;G/207;Haus1.207
Meldergruppe 208;;G/208;Haus1.208
Meldergruppe 209;;G/209;Haus1.209
Meldergruppe 210;;G/210;Haus1.210
Meldergruppe 211;;G/211;Haus1.211
Meldergruppe 212;;G/212;Haus1.212
Meldergruppe 213;;G/213;Haus1.213
Meldergruppe 214;;G/214;Haus1.214
Meldergruppe 215;;G/215;Haus1.215
Meldergruppe 216;;G/216;Haus1.216
Meldergruppe 217;;G/217;Haus1.217
Meldergruppe 218;;G/218;Haus1.218
Meldergruppe 219;;G/219;Haus1.219
Meldergruppe 220;;G/220;Haus1.220
Meldergruppe 221;;G/221;Haus1.221
Meldergruppe 222;;G/222;Haus1.222
Meldergruppe 223;;G/223;Haus1.223
Meldergruppe 224;;G/224;Haus1.224
Meldergruppe 225;;G/225;Haus1.225
Meldergruppe 226;;G/226;Haus1.226
Meldergruppe 227;;G/227;Haus1.227
Meldergruppe 228;;G/228;Haus1.228
Meldergruppe 229;;G/229;Haus1.229
Meldergruppe 230;;G/230;Haus1.230
Meldergruppe 231;;G/231;Haus1.231
Meldergruppe 232;;G/232;Haus1.232
Meldergruppe 233;;G/233;Haus1.233
Meldergruppe 234;;G/234;Haus1.234
Meldergruppe 235;;G/235;Haus1.235
Meldergruppe 236;;G/236;Haus1.236
Meldergruppe 237;;G/237;Haus1.237
Meldergruppe 238;;G/238;Haus1.238
Meldergruppe 239;;G/239;Haus1.239
Meldergruppe 240;;G/240;Haus1.240
Meldergruppe 241;;G/241;Haus1.241
Meldergruppe 242;;G/242;Haus1.242
Meldergruppe 243;;G/243;Haus1.243
Meldergruppe 244;;G/244;Haus1.244
Meldergruppe 245;;G/245;Haus1.245
Meldergruppe 246;;G/246;Haus1.246
Meldergruppe 247;;G/247;Haus1.247
Meldergruppe 248;;G/248;Haus1.248
Meldergruppe 249;;G/249;Haus1.249
Meldergruppe 250;;G/250;Haus1.250
Meldergruppe 251;;G/251;Haus1.251
Meldergruppe 252;;G/252;Haus1.252
Meldergruppe 253;;G/253;Haus1.253
Meldergruppe 254;;G/254;Haus1.254
Meldergruppe 255;;G/255;Haus1.255
Meldergruppe 256;;G/256;Haus1.256
Meldergruppe 257;;G/257;Haus1.257
Meldergruppe 258;;G/258;Haus1.258
Meldergruppe 259;;G/259;Haus1.259
Meldergruppe 260;;G/260;Haus1.260
Meldergruppe 261;;G/261;Haus1.261
Meldergruppe 262;;G/262;Haus1.262
Meldergruppe 263;;G/263;Haus1.263
Meldergruppe 264;;G/264;Haus1.264
Meldergruppe 265;;G/265;Haus1.265
Meldergruppe 266;;G/266;Haus1.266
Meldergruppe 267;;G/267;Haus1.267
Meldergruppe 268;;G/268;Haus1.268
Meldergruppe 269;;G/269;Haus1.269
Meldergruppe 270;;G/270;Haus1.270
Meldergruppe 271;;G/271;Haus1.271
Meldergruppe 272;;G/272;Haus1.272
Meldergruppe 273;;G/273;Haus1.273
Meldergruppe 274;;G/274;Haus1.274
Meldergruppe 275;;G/275;Haus1.275
Meldergruppe 276;;G/276;Haus1.276
Meldergruppe 277;;G/277;Haus1.277
Meldergruppe 278;;G/278;Haus1.278
Meldergruppe 279;;G/279;Haus1.279
Meldergruppe 280;;G/280;Haus1.280
Meldergruppe 281;;G/281;Haus1.281
Meldergruppe 282;;G/282;Haus1.282
Meldergruppe 283;;G/283;Haus1.283
Meldergruppe 284;;G/284;Haus1.284
Meldergruppe 285;;G/285;Haus1.285
Meldergruppe 286;;G/286;Haus1.286
Meldergruppe 287;;G/287;Haus1.287
Meldergruppe 288;;G/288;Haus1.288
Meldergruppe 289;;G/289;Haus1.289
Meldergruppe 290;;G/290;Haus1.290
Meldergruppe 291;;G/291;Haus1.291
Meldergruppe 292;;G/292;Haus1.292
Meldergruppe 293;;G/293;Haus1.293
Meldergruppe 294;;G/294;Haus1.294
Meldergruppe 295;;G/295;Haus1.295
Meldergruppe 296;;G/296;Haus1.296
Meldergruppe 297;;G/297;Haus1.297
Meldergruppe 298;;G/298;Haus1.298
Meldergruppe 299;;G/299;Haus1.299
Meldergruppe 300;;G/300;Haus1.300
Steuergruppen 1;;S/1;Haus1.1
Steuergruppen 2;;S/2;Haus1.2
Steuergruppen 3;;S/3;Haus1.3
Steuergruppen 4;;S/4;Haus1.4
Steuergruppen 5;;S/5;Haus1.5
Steuergruppen 6;;S/6;Haus1.6
Steuergruppen 7;;S/7;Haus1.7
Steuergruppen 8;;S/8;Haus1.8
Steuergruppen 9;;S/9;Haus1.9
Steuergruppen 10;;S/10;Haus1.10
Steuergruppen 11;;S/11;Haus1.11
Steuergruppen 12;;S/12;Haus1.12
Steuergruppen 13;;S/13;Haus1.13
Steuergruppen 14;;S/14;Haus1.14
Steuergruppen 15;;S/15;Haus1.15
Steuergruppen 16;;S/16;Haus1.16
Steuergruppen 17;;S/17;Haus1.17
Steuergruppen 18;;S/18;Haus1.18
Steuergruppen 19;;S/19;Haus1.19
Steuergruppen 20;;S/20;Haus1.20
Steuergruppen 21;;S/21;Haus1.21
Steuergruppen 22;;S/22;Haus1.22
Steuergruppen 23;;S/23;Haus1.23
Steuergruppen 24;;S/24;Haus1.24
Steuergruppen 25;;S/25;Haus1.25
Steuergruppen 26;;S/26;Haus1.26
Steuergruppen 27;;S/27;Haus1.27
Steuergruppen 28;;S/28;Haus1.28
Steuergruppen 29;;S/29;Haus1.29
Steuergruppen 30;;S/30;Haus1.30
Steuergruppen 31;;S/31;Haus1.31
Steuergruppen 32;;S/32;Haus1.32
Steuergruppen 33;;S/33;Haus1.33
Steuergruppen 34;;S/34;Haus1.34
Steuergruppen 35;;S/35;Haus1.35
Steuergruppen 36;;S/36;Haus1.36
Steuergruppen 37;;S/37;Haus1.37
Steuergruppen 38;;S/38;Haus1.38
Steuergruppen 39;;S/39;Haus1.39
Steuergruppen 40;;S/40;Haus1.40
Steuergruppen 41;;S/41;Haus1.41
Steuergruppen 42;;S/42;Haus1.42
Steuergruppen 43;;S/43;Haus1.43
Steuergruppen 44;;S/44;Haus1.44
Steuergruppen 45;;S/45;Haus1.45
Steuergruppen 46;;S/46;Haus1.46
Steuergruppen 47;;S/47;Haus1.47
Steuergruppen 48;;S/48;Haus1.48
Steuergruppen 49;;S/49;Haus1.49
Steuergruppen 50;;S/50;Haus1.50
Steuergruppen 51;;S/51;Haus1.51
Steuergruppen 52;;S/52;Haus1.52
Steuergruppen 53;;S/53;Haus1.53
Steuergruppen 54;;S/54;Haus1.54
Steuergruppen 55;;S/55;Haus1.55
Steuergruppen 56;;S/56;Haus1.56
Steuergruppen 57;;S/57;Haus1.57
Steuergruppen 58;;S/58;Haus1.58
Steuergruppen 59;;S/59;Haus1.59
Steuergruppen 60;;S/60;Haus1.60
Steuergruppen 61;;S/61;Haus1.61
Steuergruppen 62;;S/62;Haus1.62
Steuergruppen 63;;S/63;Haus1.63
Steuergruppen 64;;S/64;Haus1.64
Steuergruppen 65;;S/65;Haus1.65
Steuergruppen 66;;S/66;Haus1.66
Steuergruppen 67;;S/67;Haus1.67
Steuergruppen 68;;S/68;Haus1.68
Steuergruppen 69;;S/69;Haus1.69
Steuergruppen 70;;S/70;Haus1.70
Steuergruppen 71;;S/71;Haus1.71
Steuergruppen 72;;S/72;Haus1.72
Steuergruppen 73;;S/73;Haus1.73
Steuergruppen 74;;S/74;Haus1.74
Steuergruppen 75;;S/75;Haus1.75
Steuergruppen 76;;S/76;Haus1.76
Steuergruppen 77;;S/77;Haus1.77
Steuergruppen 78;;S/78;Haus1.78
Steuergruppen 79;;S/79;Haus1.79
Steuergruppen 80;;S/80;Haus1.80
Steuergruppen 81;;S/81;Haus1.81
Steuergruppen 82;;S/82;Haus1.82
Steuergruppen 83;;S/83;Haus1.83
Steuergruppen 84;;S/84;Haus1.84
Steuergruppen 85;;S/85;Haus1.85
Steuergruppen 86;;S/86;Haus1.86
Steuergruppen 87;;S/87;Haus1.87
Steuergruppen 88;;S/88;Haus1.88
Steuergruppen 89;;S/89;Haus1.89
Steuergruppen 90;;S/90;Haus1.90
Steuergruppen 91;;S/91;Haus1.91
Steuergruppen 92;;S/92;Haus1.92
Steuergruppen 93;;S/93;Haus1.93
Steuergruppen 94;;S/94;Haus1.94
Steuergruppen 95;;S/95;Haus1.95
Steuergruppen 96;;S/96;Haus1.96
Steuergruppen 97;;S/97;Haus1.97
Steuergruppen 98;;S/98;Haus1.98
Steuergruppen 99;;S/99;Haus1.99
Steuergruppen 100;;S/100;Haus1.100
Zentrale 2;Johanneshaus;Z/2;
Primärleitung 224;;P/224;
Primärleitung 231;Kloster der Heimsuchung;P/231;
Primärleitung 232;Johanneshaus;P/232;
Steuergruppen 200;Feuer v. 2OG J-Haus;S/200;
Steuergruppen 201;Sirenen Kloster;S/201;
Steuergruppen 202;Aufzug Feuer v.EG Kloster;S/202;
Steuergruppen 203;Aufzug Feuer v.OG Kloster;S/203;
Steuergruppen 204;Feuer von KG J-Haus;S/204;
Steuergruppen 205;Feuer von EG J-Haus;S/205;
Steuergruppen 206;Feuer von OG J-Haus;S/206;
Steuergruppen 207;Sirenen Johanneshaus KG;S/207;
Steuergruppen 208;Sirenen Johanneshaus DG;S/208;
Meldergruppe 400;;G/400;Haus2.400
Meldergruppe 401;;G/401;Haus2.401
Meldergruppe 402;;G/402;Haus2.402
Meldergruppe 403;;G/403;Haus2.403
Meldergruppe 404;;G/404;Haus2.404
Meldergruppe 405;;G/405;Haus2.405
Meldergruppe 406;;G/406;Haus2.406
Meldergruppe 407;;G/407;Haus2.407
Meldergruppe 408;;G/408;Haus2.408
Meldergruppe 409;;G/409;Haus2.409
Meldergruppe 410;;G/410;Haus2.410
Meldergruppe 411;;G/411;Haus2.411
Meldergruppe 412;;G/412;Haus2.412
Meldergruppe 413;;G/413;Haus2.413
Meldergruppe 414;;G/414;Haus2.414
Meldergruppe 415;;G/415;Haus2.415
Meldergruppe 416;;G/416;Haus2.416
Meldergruppe 417;;G/417;Haus2.417
Meldergruppe 418;;G/418;Haus2.418
Meldergruppe 419;;G/419;Haus2.419
Meldergruppe 420;;G/420;Haus2.420
Meldergruppe 421;;G/421;Haus2.421
Meldergruppe 422;;G/422;Haus2.422
Meldergruppe 423;;G/423;Haus2.423
Meldergruppe 424;;G/424;Haus2.424
Meldergruppe 425;;G/425;Haus2.425
Meldergruppe 426;;G/426;Haus2.426
Meldergruppe 427;;G/427;Haus2.427
Meldergruppe 428;;G/428;Haus2.428
Meldergruppe 429;;G/429;Haus2.429
Meldergruppe 430;;G/430;Haus2.430
Meldergruppe 431;;G/431;Haus2.431
Meldergruppe 432;;G/432;Haus2.432
Meldergruppe 433;;G/433;Haus2.433
Meldergruppe 434;;G/434;Haus2.434
Meldergruppe 435;;G/435;Haus2.435
Meldergruppe 436;;G/436;Haus2.436
Meldergruppe 437;;G/437;Haus2.437
Meldergruppe 438;;G/438;Haus2.438
Meldergruppe 439;;G/439;Haus2.439
Meldergruppe 440;;G/440;Haus2.440
Meldergruppe 441;;G/441;Haus2.441
Meldergruppe 442;;G/442;Haus2.442
Meldergruppe 443;;G/443;Haus2.443
Meldergruppe 444;;G/444;Haus2.444
Meldergruppe 445;;G/445;Haus2.445
Meldergruppe 446;;G/446;Haus2.446
Meldergruppe 447;;G/447;Haus2.447
Meldergruppe 448;;G/448;Haus2.448
Meldergruppe 449;;G/449;Haus2.449
Meldergruppe 450;;G/450;Haus2.450
Meldergruppe 451;;G/451;Haus2.451
Meldergruppe 452;;G/452;Haus2.452
Meldergruppe 453;;G/453;Haus2.453
Meldergruppe 454;;G/454;Haus2.454
Meldergruppe 455;;G/455;Haus2.455
Meldergruppe 456;;G/456;Haus2.456
Meldergruppe 457;;G/457;Haus2.457
Meldergruppe 458;;G/458;Haus2.458
Meldergruppe 459;;G/459;Haus2.459
Meldergruppe 460;;G/460;Haus2.460
Meldergruppe 461;;G/461;Haus2.461
Meldergruppe 462;;G/462;Haus2.462
Meldergruppe 463;;G/463;Haus2.463
Meldergruppe 464;;G/464;Haus2.464
Meldergruppe 465;;G/465;Haus2.465
Meldergruppe 466;;G/466;Haus2.466
Meldergruppe 467;;G/467;Haus2.467
Meldergruppe 468;;G/468;Haus2.468
Meldergruppe 469;;G/469;Haus2.469
Meldergruppe 470;;G/470;Haus2.470
Meldergruppe 471;;G/471;Haus2.471
Meldergruppe 472;;G/472;Haus2.472
Meldergruppe 473;;G/473;Haus2.473
Meldergruppe 474;;G/474;Haus2.474
Meldergruppe 475;;G/475;Haus2.475
Meldergruppe 476;;G/476;Haus2.476
Meldergruppe 477;;G/477;Haus2.477
Meldergruppe 478;;G/478;Haus2.478
Meldergruppe 479;;G/479;Haus2.479
Meldergruppe 480;;G/480;Haus2.480
Meldergruppe 481;;G/481;Haus2.481
Meldergruppe 482;;G/482;Haus2.482
Meldergruppe 483;;G/483;Haus2.483
Meldergruppe 484;;G/484;Haus2.484
Meldergruppe 485;;G/485;Haus2.485
Meldergruppe 486;;G/486;Haus2.486
Meldergruppe 487;;G/487;Haus2.487
Meldergruppe 488;;G/488;Haus2.488
Meldergruppe 489;;G/489;Haus2.489
Meldergruppe 490;;G/490;Haus2.490
Meldergruppe 491;;G/491;Haus2.491
Meldergruppe 492;;G/492;Haus2.492
Meldergruppe 493;;G/493;Haus2.493
Meldergruppe 494;;G/494;Haus2.494
Meldergruppe 495;;G/495;Haus2.495
Meldergruppe 496;;G/496;Haus2.496
Meldergruppe 497;;G/497;Haus2.497
Meldergruppe 498;;G/498;Haus2.498
Meldergruppe 499;;G/499;Haus2.499
Meldergruppe 500;;G/500;Haus2.500
Meldergruppe 1000;;S/1000;Haus2.1000
Meldergruppe 1001;;S/1001;Haus2.1001
Meldergruppe 1002;;S/1002;Haus2.1002
Meldergruppe 1003;;S/1003;Haus2.1003
Meldergruppe 1004;;S/1004;Haus2.1004
Meldergruppe 1005;;S/1005;Haus2.1005
Meldergruppe 1006;;S/1006;Haus2.1006
Meldergruppe 1007;;S/1007;Haus2.1007
Meldergruppe 1008;;S/1008;Haus2.1008
Meldergruppe 1009;;S/1009;Haus2.1009
Meldergruppe 1010;;S/1010;Haus2.1010
Meldergruppe 1011;;S/1011;Haus2.1011
Meldergruppe 1012;;S/1012;Haus2.1012
Meldergruppe 1013;;S/1013;Haus2.1013
Meldergruppe 1014;;S/1014;Haus2.1014
Meldergruppe 1015;;S/1015;Haus2.1015
Meldergruppe 1016;;S/1016;Haus2.1016
Meldergruppe 1017;;S/1017;Haus2.1017
Meldergruppe 1018;;S/1018;Haus2.1018
Meldergruppe 1019;;S/1019;Haus2.1019
Meldergruppe 1020;;S/1020;Haus2.1020
Meldergruppe 1021;;S/1021;Haus2.1021
Meldergruppe 1022;;S/1022;Haus2.1022
Meldergruppe 1023;;S/1023;Haus2.1023
Meldergruppe 1024;;S/1024;Haus2.1024
Meldergruppe 1025;;S/1025;Haus2.1025
Meldergruppe 1026;;S/1026;Haus2.1026
Meldergruppe 1027;;S/1027;Haus2.1027
Meldergruppe 1028;;S/1028;Haus2.1028
Meldergruppe 1029;;S/1029;Haus2.1029
Meldergruppe 1030;;S/1030;Haus2.1030
Meldergruppe 1031;;S/1031;Haus2.1031
Meldergruppe 1032;;S/1032;Haus2.1032
Meldergruppe 1033;;S/1033;Haus2.1033
Meldergruppe 1034;;S/1034;Haus2.1034
Meldergruppe 1035;;S/1035;Haus2.1035
Meldergruppe 1036;;S/1036;Haus2.1036
Meldergruppe 1037;;S/1037;Haus2.1037
Meldergruppe 1038;;S/1038;Haus2.1038
Meldergruppe 1039;;S/1039;Haus2.1039
Meldergruppe 1040;;S/1040;Haus2.1040
Meldergruppe 1041;;S/1041;Haus2.1041
Meldergruppe 1042;;S/1042;Haus2.1042
Meldergruppe 1043;;S/1043;Haus2.1043
Meldergruppe 1044;;S/1044;Haus2.1044
Meldergruppe 1045;;S/1045;Haus2.1045
Meldergruppe 1046;;S/1046;Haus2.1046
Meldergruppe 1047;;S/1047;Haus2.1047
Meldergruppe 1048;;S/1048;Haus2.1048
Meldergruppe 1049;;S/1049;Haus2.1049
Meldergruppe 1050;;S/1050;Haus2.1050
Meldergruppe 1051;;S/1051;Haus2.1051
Meldergruppe 1052;;S/1052;Haus2.1052
Meldergruppe 1053;;S/1053;Haus2.1053
Meldergruppe 1054;;S/1054;Haus2.1054
Meldergruppe 1055;;S/1055;Haus2.1055
Meldergruppe 1056;;S/1056;Haus2.1056
Meldergruppe 1057;;S/1057;Haus2.1057
Meldergruppe 1058;;S/1058;Haus2.1058
Meldergruppe 1059;;S/1059;Haus2.1059
Meldergruppe 1060;;S/1060;Haus2.1060
Meldergruppe 1061;;S/1061;Haus2.1061
Meldergruppe 1062;;S/1062;Haus2.1062
Meldergruppe 1063;;S/1063;Haus2.1063
Meldergruppe 1064;;S/1064;Haus2.1064
Meldergruppe 1065;;S/1065;Haus2.1065
Meldergruppe 1066;;S/1066;Haus2.1066
Meldergruppe 1067;;S/1067;Haus2.1067
Meldergruppe 1068;;S/1068;Haus2.1068
Meldergruppe 1069;;S/1069;Haus2.1069
Meldergruppe 1070;;S/1070;Haus2.1070
Meldergruppe 1071;;S/1071;Haus2.1071
Meldergruppe 1072;;S/1072;Haus2.1072
Meldergruppe 1073;;S/1073;Haus2.1073
Meldergruppe 1074;;S/1074;Haus2.1074
Meldergruppe 1075;;S/1075;Haus2.1075
Meldergruppe 1076;;S/1076;Haus2.1076
Meldergruppe 1077;;S/1077;Haus2.1077
Meldergruppe 1078;;S/1078;Haus2.1078
Meldergruppe 1079;;S/1079;Haus2.1079
Meldergruppe 1080;;S/1080;Haus2.1080
Meldergruppe 1081;;S/1081;Haus2.1081
Meldergruppe 1082;;S/1082;Haus2.1082
Meldergruppe 1083;;S/1083;Haus2.1083
Meldergruppe 1084;;S/1084;Haus2.1084
Meldergruppe 1085;;S/1085;Haus2.1085
Meldergruppe 1086;;S/1086;Haus2.1086
Meldergruppe 1087;;S/1087;Haus2.1087
Meldergruppe 1088;;S/1088;Haus2.1088
Meldergruppe 1089;;S/1089;Haus2.1089
Meldergruppe 1090;;S/1090;Haus2.1090
Meldergruppe 1091;;S/1091;Haus2.1091
Meldergruppe 1092;;S/1092;Haus2.1092
Meldergruppe 1093;;S/1093;Haus2.1093
Meldergruppe 1094;;S/1094;Haus2.1094
Meldergruppe 1095;;S/1095;Haus2.1095
Meldergruppe 1096;;S/1096;Haus2.1096
Meldergruppe 1097;;S/1097;Haus2.1097
Meldergruppe 1098;;S/1098;Haus2.1098
Meldergruppe 1099;;S/1099;Haus2.1099
Meldergruppe 1100;;S/1100;Haus2.1100
Meldergruppe 1101;;S/1101;Haus2.1101
Meldergruppe 1102;;S/1102;Haus2.1102
Meldergruppe 1103;;S/1103;Haus2.1103
Meldergruppe 1104;;S/1104;Haus2.1104
Meldergruppe 1105;;S/1105;Haus2.1105
Meldergruppe 1106;;S/1106;Haus2.1106
Meldergruppe 1107;;S/1107;Haus2.1107
Meldergruppe 1108;;S/1108;Haus2.1108
Meldergruppe 1109;;S/1109;Haus2.1109
Meldergruppe 1110;;S/1110;Haus2.1110
Meldergruppe 1111;;S/1111;Haus2.1111
Meldergruppe 1112;;S/1112;Haus2.1112
Meldergruppe 1113;;S/1113;Haus2.1113
Meldergruppe 1114;;S/1114;Haus2.1114
Meldergruppe 1115;;S/1115;Haus2.1115
Meldergruppe 1116;;S/1116;Haus2.1116
Meldergruppe 1117;;S/1117;Haus2.1117
Meldergruppe 1118;;S/1118;Haus2.1118
Meldergruppe 1119;;S/1119;Haus2.1119
Meldergruppe 1120;;S/1120;Haus2.1120
Meldergruppe 1121;;S/1121;Haus2.1121
Meldergruppe 1122;;S/1122;Haus2.1122
Meldergruppe 1123;;S/1123;Haus2.1123
Meldergruppe 1124;;S/1124;Haus2.1124
Meldergruppe 1125;;S/1125;Haus2.1125
Meldergruppe 1126;;S/1126;Haus2.1126
Meldergruppe 1127;;S/1127;Haus2.1127
Meldergruppe 1128;;S/1128;Haus2.1128
Meldergruppe 1129;;S/1129;Haus2.1129
Meldergruppe 1130;;S/1130;Haus2.1130
Meldergruppe 1131;;S/1131;Haus2.1131
Meldergruppe 1132;;S/1132;Haus2.1132
Meldergruppe 1133;;S/1133;Haus2.1133
Meldergruppe 1134;;S/1134;Haus2.1134
Meldergruppe 1135;;S/1135;Haus2.1135
Meldergruppe 1136;;S/1136;Haus2.1136
Meldergruppe 1137;;S/1137;Haus2.1137
Meldergruppe 1138;;S/1138;Haus2.1138
Meldergruppe 1139;;S/1139;Haus2.1139
Meldergruppe 1140;;S/1140;Haus2.1140
Meldergruppe 1141;;S/1141;Haus2.1141
Meldergruppe 1142;;S/1142;Haus2.1142
Meldergruppe 1143;;S/1143;Haus2.1143
Meldergruppe 1144;;S/1144;Haus2.1144
Meldergruppe 1145;;S/1145;Haus2.1145
Meldergruppe 1146;;S/1146;Haus2.1146
Meldergruppe 1147;;S/1147;Haus2.1147
Meldergruppe 1148;;S/1148;Haus2.1148
Meldergruppe 1149;;S/1149;Haus2.1149
Meldergruppe 1150;;S/1150;Haus2.1150
Meldergruppe 1151;;S/1151;Haus2.1151
Meldergruppe 1152;;S/1152;Haus2.1152
Meldergruppe 1153;;S/1153;Haus2.1153
Meldergruppe 1154;;S/1154;Haus2.1154
Meldergruppe 1155;;S/1155;Haus2.1155
Meldergruppe 1156;;S/1156;Haus2.1156
Meldergruppe 1157;;S/1157;Haus2.1157
Meldergruppe 1158;;S/1158;Haus2.1158
Meldergruppe 1159;;S/1159;Haus2.1159
Meldergruppe 1160;;S/1160;Haus2.1160
Meldergruppe 1161;;S/1161;Haus2.1161
Meldergruppe 1162;;S/1162;Haus2.1162
Meldergruppe 1163;;S/1163;Haus2.1163
Meldergruppe 1164;;S/1164;Haus2.1164
Meldergruppe 1165;;S/1165;Haus2.1165
Meldergruppe 1166;;S/1166;Haus2.1166
Meldergruppe 1167;;S/1167;Haus2.1167
Meldergruppe 1168;;S/1168;Haus2.1168
Meldergruppe 1169;;S/1169;Haus2.1169
Meldergruppe 1170;;S/1170;Haus2.1170
Meldergruppe 1171;;S/1171;Haus2.1171
Meldergruppe 1172;;S/1172;Haus2.1172
Meldergruppe 1173;;S/1173;Haus2.1173
Meldergruppe 1174;;S/1174;Haus2.1174
Meldergruppe 1175;;S/1175;Haus2.1175
Meldergruppe 1176;;S/1176;Haus2.1176
Meldergruppe 1177;;S/1177;Haus2.1177
Meldergruppe 1178;;S/1178;Haus2.1178
Meldergruppe 1179;;S/1179;Haus2.1179
Meldergruppe 1180;;S/1180;Haus2.1180
Meldergruppe 1181;;S/1181;Haus2.1181
Meldergruppe 1182;;S/1182;Haus2.1182
Meldergruppe 1183;;S/1183;Haus2.1183
Meldergruppe 1184;;S/1184;Haus2.1184
Meldergruppe 1185;;S/1185;Haus2.1185
Meldergruppe 1186;;S/1186;Haus2.1186
Meldergruppe 1187;;S/1187;Haus2.1187
Meldergruppe 1188;;S/1188;Haus2.1188
Meldergruppe 1189;;S/1189;Haus2.1189
Meldergruppe 1190;;S/1190;Haus2.1190
Meldergruppe 1191;;S/1191;Haus2.1191
Meldergruppe 1192;;S/1192;Haus2.1192
Meldergruppe 1193;;S/1193;Haus2.1193
Meldergruppe 1194;;S/1194;Haus2.1194
Meldergruppe 1195;;S/1195;Haus2.1195
Meldergruppe 1196;;S/1196;Haus2.1196
Meldergruppe 1197;;S/1197;Haus2.1197
Meldergruppe 1198;;S/1198;Haus2.1198
Meldergruppe 1199;;S/1199;Haus2.1199
Meldergruppe 1200;;S/1200;Haus2.1200
Meldergruppe 1201;;S/1201;Haus2.1201
Meldergruppe 1202;;S/1202;Haus2.1202
Meldergruppe 1203;;S/1203;Haus2.1203
Meldergruppe 1204;;S/1204;Haus2.1204
Meldergruppe 1205;;S/1205;Haus2.1205
Meldergruppe 1206;;S/1206;Haus2.1206
Meldergruppe 1207;;S/1207;Haus2.1207
Meldergruppe 1208;;S/1208;Haus2.1208
Meldergruppe 1209;;S/1209;Haus2.1209
Meldergruppe 1210;;S/1210;Haus2.1210
Meldergruppe 1211;;S/1211;Haus2.1211
Meldergruppe 1212;;S/1212;Haus2.1212
Meldergruppe 1213;;S/1213;Haus2.1213
Meldergruppe 1214;;S/1214;Haus2.1214
Meldergruppe 1215;;S/1215;Haus2.1215
Meldergruppe 1216;;S/1216;Haus2.1216
Meldergruppe 1217;;S/1217;Haus2.1217
Meldergruppe 1218;;S/1218;Haus2.1218
Meldergruppe 1219;;S/1219;Haus2.1219
Meldergruppe 1220;;S/1220;Haus2.1220
Meldergruppe 1221;;S/1221;Haus2.1221
Meldergruppe 1222;;S/1222;Haus2.1222
Meldergruppe 1223;;S/1223;Haus2.1223
Meldergruppe 1224;;S/1224;Haus2.1224
Meldergruppe 1225;;S/1225;Haus2.1225
Meldergruppe 1226;;S/1226;Haus2.1226
Meldergruppe 1227;;S/1227;Haus2.1227
Meldergruppe 1228;;S/1228;Haus2.1228
Meldergruppe 1229;;S/1229;Haus2.1229
Meldergruppe 1230;;S/1230;Haus2.1230
Meldergruppe 1231;;S/1231;Haus2.1231
Meldergruppe 1232;;S/1232;Haus2.1232
Meldergruppe 1233;;S/1233;Haus2.1233
Meldergruppe 1234;;S/1234;Haus2.1234
Meldergruppe 1235;;S/1235;Haus2.1235
Meldergruppe 1236;;S/1236;Haus2.1236
Meldergruppe 1237;;S/1237;Haus2.1237
Meldergruppe 1238;;S/1238;Haus2.1238
Meldergruppe 1239;;S/1239;Haus2.1239
Meldergruppe 1240;;S/1240;Haus2.1240
Meldergruppe 1241;;S/1241;Haus2.1241
Meldergruppe 1242;;S/1242;Haus2.1242
Meldergruppe 1243;;S/1243;Haus2.1243
Meldergruppe 1244;;S/1244;Haus2.1244
Meldergruppe 1245;;S/1245;Haus2.1245
Meldergruppe 1246;;S/1246;Haus2.1246
Meldergruppe 1247;;S/1247;Haus2.1247
Meldergruppe 1248;;S/1248;Haus2.1248
Meldergruppe 1249;;S/1249;Haus2.1249
Meldergruppe 1250;;S/1250;Haus2.1250
Meldergruppe 1251;;S/1251;Haus2.1251
Meldergruppe 1252;;S/1252;Haus2.1252
Meldergruppe 1253;;S/1253;Haus2.1253
Meldergruppe 1254;;S/1254;Haus2.1254
Meldergruppe 1255;;S/1255;Haus2.1255
Meldergruppe 1256;;S/1256;Haus2.1256
Meldergruppe 1257;;S/1257;Haus2.1257
Meldergruppe 1258;;S/1258;Haus2.1258
Meldergruppe 1259;;S/1259;Haus2.1259
Meldergruppe 1260;;S/1260;Haus2.1260
Meldergruppe 1261;;S/1261;Haus2.1261
Meldergruppe 1262;;S/1262;Haus2.1262
Meldergruppe 1263;;S/1263;Haus2.1263
Meldergruppe 1264;;S/1264;Haus2.1264
Meldergruppe 1265;;S/1265;Haus2.1265
Meldergruppe 1266;;S/1266;Haus2.1266
Meldergruppe 1267;;S/1267;Haus2.1267
Meldergruppe 1268;;S/1268;Haus2.1268
Meldergruppe 1269;;S/1269;Haus2.1269
Meldergruppe 1270;;S/1270;Haus2.1270
Meldergruppe 1271;;S/1271;Haus2.1271
Meldergruppe 1272;;S/1272;Haus2.1272
Meldergruppe 1273;;S/1273;Haus2.1273
Meldergruppe 1274;;S/1274;Haus2.1274
Meldergruppe 1275;;S/1275;Haus2.1275
Meldergruppe 1276;;S/1276;Haus2.1276
Meldergruppe 1277;;S/1277;Haus2.1277
Meldergruppe 1278;;S/1278;Haus2.1278
Meldergruppe 1279;;S/1279;Haus2.1279
Meldergruppe 1280;;S/1280;Haus2.1280
Meldergruppe 1281;;S/1281;Haus2.1281
Meldergruppe 1282;;S/1282;Haus2.1282
Meldergruppe 1283;;S/1283;Haus2.1283
Meldergruppe 1284;;S/1284;Haus2.1284
Meldergruppe 1285;;S/1285;Haus2.1285
Meldergruppe 1286;;S/1286;Haus2.1286
Meldergruppe 1287;;S/1287;Haus2.1287
Meldergruppe 1288;;S/1288;Haus2.1288
Meldergruppe 1289;;S/1289;Haus2.1289
Meldergruppe 1290;;S/1290;Haus2.1290
Meldergruppe 1291;;S/1291;Haus2.1291
Meldergruppe 1292;;S/1292;Haus2.1292
Meldergruppe 1293;;S/1293;Haus2.1293
Meldergruppe 1294;;S/1294;Haus2.1294
Meldergruppe 1295;;S/1295;Haus2.1295
Meldergruppe 1296;;S/1296;Haus2.1296
Meldergruppe 1297;;S/1297;Haus2.1297
Meldergruppe 1298;;S/1298;Haus2.1298
Meldergruppe 1299;;S/1299;Haus2.1299
Meldergruppe 1300;;S/1300;Haus2.1300
Meldergruppe 1301;;S/1301;Haus2.1301
Meldergruppe 1302;;S/1302;Haus2.1302
Meldergruppe 1303;;S/1303;Haus2.1303
Meldergruppe 1304;;S/1304;Haus2.1304
Meldergruppe 1305;;S/1305;Haus2.1305
Meldergruppe 1306;;S/1306;Haus2.1306
Meldergruppe 1307;;S/1307;Haus2.1307
Meldergruppe 1308;;S/1308;Haus2.1308
Meldergruppe 1309;;S/1309;Haus2.1309
Meldergruppe 1310;;S/1310;Haus2.1310
Meldergruppe 1311;;S/1311;Haus2.1311
Meldergruppe 1312;;S/1312;Haus2.1312
Meldergruppe 1313;;S/1313;Haus2.1313
Meldergruppe 1314;;S/1314;Haus2.1314
Meldergruppe 1315;;S/1315;Haus2.1315
Meldergruppe 1316;;S/1316;Haus2.1316
Meldergruppe 1317;;S/1317;Haus2.1317
Meldergruppe 1318;;S/1318;Haus2.1318
Meldergruppe 1319;;S/1319;Haus2.1319
Meldergruppe 1320;;S/1320;Haus2.1320
Meldergruppe 1321;;S/1321;Haus2.1321
Meldergruppe 1322;;S/1322;Haus2.1322
Meldergruppe 1323;;S/1323;Haus2.1323
Meldergruppe 1324;;S/1324;Haus2.1324
Meldergruppe 1325;;S/1325;Haus2.1325
Meldergruppe 1326;;S/1326;Haus2.1326
Meldergruppe 1327;;S/1327;Haus2.1327
Meldergruppe 1328;;S/1328;Haus2.1328
Meldergruppe 1329;;S/1329;Haus2.1329
Meldergruppe 1330;;S/1330;Haus2.1330
Meldergruppe 1331;;S/1331;Haus2.1331
Meldergruppe 1332;;S/1332;Haus2.1332
Meldergruppe 1333;;S/1333;Haus2.1333
Meldergruppe 1334;;S/1334;Haus2.1334
Meldergruppe 1335;;S/1335;Haus2.1335
Meldergruppe 1336;;S/1336;Haus2.1336
Meldergruppe 1337;;S/1337;Haus2.1337
Meldergruppe 1338;;S/1338;Haus2.1338
Meldergruppe 1339;;S/1339;Haus2.1339
Meldergruppe 1340;;S/1340;Haus2.1340
Meldergruppe 1341;;S/1341;Haus2.1341
Meldergruppe 1342;;S/1342;Haus2.1342
Meldergruppe 1343;;S/1343;Haus2.1343
Meldergruppe 1344;;S/1344;Haus2.1344
Meldergruppe 1345;;S/1345;Haus2.1345
Meldergruppe 1346;;S/1346;Haus2.1346
Meldergruppe 1347;;S/1347;Haus2.1347
Meldergruppe 1348;;S/1348;Haus2.1348
Meldergruppe 1349;;S/1349;Haus2.1349
Meldergruppe 1350;;S/1350;Haus2.1350
Meldergruppe 1351;;S/1351;Haus2.1351
Meldergruppe 1352;;S/1352;Haus2.1352
Meldergruppe 1353;;S/1353;Haus2.1353
Meldergruppe 1354;;S/1354;Haus2.1354
Meldergruppe 1355;;S/1355;Haus2.1355
Meldergruppe 1356;;S/1356;Haus2.1356
Meldergruppe 1357;;S/1357;Haus2.1357
Meldergruppe 1358;;S/1358;Haus2.1358
Meldergruppe 1359;;S/1359;Haus2.1359
Meldergruppe 1360;;S/1360;Haus2.1360
Meldergruppe 1361;;S/1361;Haus2.1361
Meldergruppe 1362;;S/1362;Haus2.1362
Meldergruppe 1363;;S/1363;Haus2.1363
Meldergruppe 1364;;S/1364;Haus2.1364
Meldergruppe 1365;;S/1365;Haus2.1365
Meldergruppe 1366;;S/1366;Haus2.1366
Meldergruppe 1367;;S/1367;Haus2.1367
Meldergruppe 1368;;S/1368;Haus2.1368
Meldergruppe 1369;;S/1369;Haus2.1369
Meldergruppe 1370;;S/1370;Haus2.1370
Meldergruppe 1371;;S/1371;Haus2.1371
Meldergruppe 1372;;S/1372;Haus2.1372
Meldergruppe 1373;;S/1373;Haus2.1373
Meldergruppe 1374;;S/1374;Haus2.1374
Meldergruppe 1375;;S/1375;Haus2.1375
Meldergruppe 1376;;S/1376;Haus2.1376
Meldergruppe 1377;;S/1377;Haus2.1377
Meldergruppe 1378;;S/1378;Haus2.1378
Meldergruppe 1379;;S/1379;Haus2.1379
Meldergruppe 1380;;S/1380;Haus2.1380
Meldergruppe 1381;;S/1381;Haus2.1381
Meldergruppe 1382;;S/1382;Haus2.1382
Meldergruppe 1383;;S/1383;Haus2.1383
Meldergruppe 1384;;S/1384;Haus2.1384
Meldergruppe 1385;;S/1385;Haus2.1385
Meldergruppe 1386;;S/1386;Haus2.1386
Meldergruppe 1387;;S/1387;Haus2.1387
Meldergruppe 1388;;S/1388;Haus2.1388
Meldergruppe 1389;;S/1389;Haus2.1389
Meldergruppe 1390;;S/1390;Haus2.1390
Meldergruppe 1391;;S/1391;Haus2.1391
Meldergruppe 1392;;S/1392;Haus2.1392
Meldergruppe 1393;;S/1393;Haus2.1393
Meldergruppe 1394;;S/1394;Haus2.1394
Meldergruppe 1395;;S/1395;Haus2.1395
Meldergruppe 1396;;S/1396;Haus2.1396
Meldergruppe 1397;;S/1397;Haus2.1397
Meldergruppe 1398;;S/1398;Haus2.1398
Meldergruppe 1399;;S/1399;Haus2.1399
Meldergruppe 1400;;S/1400;Haus2.1400
Meldergruppe 1401;;S/1401;Haus2.1401
Meldergruppe 1402;;S/1402;Haus2.1402
Meldergruppe 1403;;S/1403;Haus2.1403
Meldergruppe 1404;;S/1404;Haus2.1404
Meldergruppe 1405;;S/1405;Haus2.1405
Meldergruppe 1406;;S/1406;Haus2.1406
Meldergruppe 1407;;S/1407;Haus2.1407
Meldergruppe 1408;;S/1408;Haus2.1408
Meldergruppe 1409;;S/1409;Haus2.1409
Meldergruppe 1410;;S/1410;Haus2.1410
Meldergruppe 1411;;S/1411;Haus2.1411
Meldergruppe 1412;;S/1412;Haus2.1412
Meldergruppe 1413;;S/1413;Haus2.1413
Meldergruppe 1414;;S/1414;Haus2.1414
Meldergruppe 1415;;S/1415;Haus2.1415
Meldergruppe 1416;;S/1416;Haus2.1416
Meldergruppe 1417;;S/1417;Haus2.1417
Meldergruppe 1418;;S/1418;Haus2.1418
Meldergruppe 1419;;S/1419;Haus2.1419
Meldergruppe 1420;;S/1420;Haus2.1420
Meldergruppe 1421;;S/1421;Haus2.1421
Meldergruppe 1422;;S/1422;Haus2.1422
Meldergruppe 1423;;S/1423;Haus2.1423
Meldergruppe 1424;;S/1424;Haus2.1424
Meldergruppe 1425;;S/1425;Haus2.1425
Meldergruppe 1426;;S/1426;Haus2.1426
Meldergruppe 1427;;S/1427;Haus2.1427
Meldergruppe 1428;;S/1428;Haus2.1428
Meldergruppe 1429;;S/1429;Haus2.1429
Meldergruppe 1430;;S/1430;Haus2.1430
Meldergruppe 1431;;S/1431;Haus2.1431
Meldergruppe 1432;;S/1432;Haus2.1432
Meldergruppe 1433;;S/1433;Haus2.1433
Meldergruppe 1434;;S/1434;Haus2.1434
Meldergruppe 1435;;S/1435;Haus2.1435
Meldergruppe 1436;;S/1436;Haus2.1436
Meldergruppe 1437;;S/1437;Haus2.1437
Meldergruppe 1438;;S/1438;Haus2.1438
Meldergruppe 1439;;S/1439;Haus2.1439
Meldergruppe 1440;;S/1440;Haus2.1440
Meldergruppe 1441;;S/1441;Haus2.1441
Meldergruppe 1442;;S/1442;Haus2.1442
Meldergruppe 1443;;S/1443;Haus2.1443
Meldergruppe 1444;;S/1444;Haus2.1444
Meldergruppe 1445;;S/1445;Haus2.1445
Meldergruppe 1446;;S/1446;Haus2.1446
Meldergruppe 1447;;S/1447;Haus2.1447
Meldergruppe 1448;;S/1448;Haus2.1448
Meldergruppe 1449;;S/1449;Haus2.1449
Meldergruppe 1450;;S/1450;Haus2.1450
Meldergruppe 1451;;S/1451;Haus2.1451
Meldergruppe 1452;;S/1452;Haus2.1452
Meldergruppe 1453;;S/1453;Haus2.1453
Meldergruppe 1454;;S/1454;Haus2.1454
Meldergruppe 1455;;S/1455;Haus2.1455
Meldergruppe 1456;;S/1456;Haus2.1456
Meldergruppe 1457;;S/1457;Haus2.1457
Meldergruppe 1458;;S/1458;Haus2.1458
Meldergruppe 1459;;S/1459;Haus2.1459
Meldergruppe 1460;;S/1460;Haus2.1460
Meldergruppe 1461;;S/1461;Haus2.1461
Meldergruppe 1462;;S/1462;Haus2.1462
Meldergruppe 1463;;S/1463;Haus2.1463
Meldergruppe 1464;;S/1464;Haus2.1464
Meldergruppe 1465;;S/1465;Haus2.1465
Meldergruppe 1466;;S/1466;Haus2.1466
Meldergruppe 1467;;S/1467;Haus2.1467
Meldergruppe 1468;;S/1468;Haus2.1468
Meldergruppe 1469;;S/1469;Haus2.1469
Meldergruppe 1470;;S/1470;Haus2.1470
Meldergruppe 1471;;S/1471;Haus2.1471
Meldergruppe 1472;;S/1472;Haus2.1472
Meldergruppe 1473;;S/1473;Haus2.1473
Meldergruppe 1474;;S/1474;Haus2.1474
Meldergruppe 1475;;S/1475;Haus2.1475
Meldergruppe 1476;;S/1476;Haus2.1476
Meldergruppe 1477;;S/1477;Haus2.1477
Meldergruppe 1478;;S/1478;Haus2.1478
Meldergruppe 1479;;S/1479;Haus2.1479
Meldergruppe 1480;;S/1480;Haus2.1480
Meldergruppe 1481;;S/1481;Haus2.1481
Meldergruppe 1482;;S/1482;Haus2.1482
Meldergruppe 1483;;S/1483;Haus2.1483
Meldergruppe 1484;;S/1484;Haus2.1484
Meldergruppe 1485;;S/1485;Haus2.1485
Meldergruppe 1486;;S/1486;Haus2.1486
Meldergruppe 1487;;S/1487;Haus2.1487
Meldergruppe 1488;;S/1488;Haus2.1488
Meldergruppe 1489;;S/1489;Haus2.1489
Meldergruppe 1490;;S/1490;Haus2.1490
Meldergruppe 1491;;S/1491;Haus2.1491
Meldergruppe 1492;;S/1492;Haus2.1492
Meldergruppe 1493;;S/1493;Haus2.1493
Meldergruppe 1494;;S/1494;Haus2.1494
Meldergruppe 1495;;S/1495;Haus2.1495
Meldergruppe 1496;;S/1496;Haus2.1496
Meldergruppe 1497;;S/1497;Haus2.1497
Meldergruppe 1498;;S/1498;Haus2.1498
Meldergruppe 1499;;S/1499;Haus2.1499
Meldergruppe 1500;;S/1500;Haus2.1500
Meldergruppe 1501;;S/1501;Haus2.1501
Meldergruppe 1502;;S/1502;Haus2.1502
Meldergruppe 1503;;S/1503;Haus2.1503
Meldergruppe 1504;;S/1504;Haus2.1504
Meldergruppe 1505;;S/1505;Haus2.1505
Meldergruppe 1506;;S/1506;Haus2.1506
Meldergruppe 1507;;S/1507;Haus2.1507
Meldergruppe 1508;;S/1508;Haus2.1508
Meldergruppe 1509;;S/1509;Haus2.1509
Meldergruppe 1510;;S/1510;Haus2.1510
Meldergruppe 1511;;S/1511;Haus2.1511
Meldergruppe 1512;;S/1512;Haus2.1512
Meldergruppe 1513;;S/1513;Haus2.1513
Meldergruppe 1514;;S/1514;Haus2.1514
Meldergruppe 1515;;S/1515;Haus2.1515
Meldergruppe 1516;;S/1516;Haus2.1516
Meldergruppe 1517;;S/1517;Haus2.1517
Meldergruppe 1518;;S/1518;Haus2.1518
Meldergruppe 1519;;S/1519;Haus2.1519
Meldergruppe 1520;;S/1520;Haus2.1520
Meldergruppe 1521;;S/1521;Haus2.1521
Meldergruppe 1522;;S/1522;Haus2.1522
Meldergruppe 1523;;S/1523;Haus2.1523
Meldergruppe 1524;;S/1524;Haus2.1524
Meldergruppe 1525;;S/1525;Haus2.1525
Meldergruppe 1526;;S/1526;Haus2.1526
Meldergruppe 1527;;S/1527;Haus2.1527
Meldergruppe 1528;;S/1528;Haus2.1528
Meldergruppe 1529;;S/1529;Haus2.1529
Meldergruppe 1530;;S/1530;Haus2.1530
Meldergruppe 1531;;S/1531;Haus2.1531
Meldergruppe 1532;;S/1532;Haus2.1532
Meldergruppe 1533;;S/1533;Haus2.1533
Meldergruppe 1534;;S/1534;Haus2.1534
Meldergruppe 1535;;S/1535;Haus2.1535
Meldergruppe 1536;;S/1536;Haus2.1536
Meldergruppe 1537;;S/1537;Haus2.1537
Meldergruppe 1538;;S/1538;Haus2.1538
Meldergruppe 1539;;S/1539;Haus2.1539
Meldergruppe 1540;;S/1540;Haus2.1540
Meldergruppe 1541;;S/1541;Haus2.1541
Meldergruppe 1542;;S/1542;Haus2.1542
Meldergruppe 1543;;S/1543;Haus2.1543
Meldergruppe 1544;;S/1544;Haus2.1544
Meldergruppe 1545;;S/1545;Haus2.1545
Meldergruppe 1546;;S/1546;Haus2.1546
Meldergruppe 1547;;S/1547;Haus2.1547
Meldergruppe 1548;;S/1548;Haus2.1548
Meldergruppe 1549;;S/1549;Haus2.1549
Meldergruppe 1550;;S/1550;Haus2.1550
Meldergruppe 1551;;S/1551;Haus2.1551
Meldergruppe 1552;;S/1552;Haus2.1552
Meldergruppe 1553;;S/1553;Haus2.1553
Meldergruppe 1554;;S/1554;Haus2.1554
Meldergruppe 1555;;S/1555;Haus2.1555
Meldergruppe 1556;;S/1556;Haus2.1556
Meldergruppe 1557;;S/1557;Haus2.1557
Meldergruppe 1558;;S/1558;Haus2.1558
Meldergruppe 1559;;S/1559;Haus2.1559
Meldergruppe 1560;;S/1560;Haus2.1560
Meldergruppe 1561;;S/1561;Haus2.1561
Meldergruppe 1562;;S/1562;Haus2.1562
Meldergruppe 1563;;S/1563;Haus2.1563
Meldergruppe 1564;;S/1564;Haus2.1564
Meldergruppe 1565;;S/1565;Haus2.1565
Meldergruppe 1566;;S/1566;Haus2.1566
Meldergruppe 1567;;S/1567;Haus2.1567
Meldergruppe 1568;;S/1568;Haus2.1568
Meldergruppe 1569;;S/1569;Haus2.1569
Meldergruppe 1570;;S/1570;Haus2.1570
Meldergruppe 1571;;S/1571;Haus2.1571
Meldergruppe 1572;;S/1572;Haus2.1572
Meldergruppe 1573;;S/1573;Haus2.1573
Meldergruppe 1574;;S/1574;Haus2.1574
Meldergruppe 1575;;S/1575;Haus2.1575
Meldergruppe 1576;;S/1576;Haus2.1576
Meldergruppe 1577;;S/1577;Haus2.1577
Meldergruppe 1578;;S/1578;Haus2.1578
Meldergruppe 1579;;S/1579;Haus2.1579
Meldergruppe 1580;;S/1580;Haus2.1580
Meldergruppe 1581;;S/1581;Haus2.1581
Meldergruppe 1582;;S/1582;Haus2.1582
Meldergruppe 1583;;S/1583;Haus2.1583
Meldergruppe 1584;;S/1584;Haus2.1584
Meldergruppe 1585;;S/1585;Haus2.1585
Meldergruppe 1586;;S/1586;Haus2.1586
Meldergruppe 1587;;S/1587;Haus2.1587
Meldergruppe 1588;;S/1588;Haus2.1588
Meldergruppe 1589;;S/1589;Haus2.1589
Meldergruppe 1590;;S/1590;Haus2.1590
Meldergruppe 1591;;S/1591;Haus2.1591
Meldergruppe 1592;;S/1592;Haus2.1592
Meldergruppe 1593;;S/1593;Haus2.1593
Meldergruppe 1594;;S/1594;Haus2.1594
Meldergruppe 1595;;S/1595;Haus2.1595
Meldergruppe 1596;;S/1596;Haus2.1596
Meldergruppe 1597;;S/1597;Haus2.1597
Meldergruppe 1598;;S/1598;Haus2.1598
Meldergruppe 1599;;S/1599;Haus2.1599
Meldergruppe 1600;;S/1600;Haus2.1600
Meldergruppe 1601;;S/1601;Haus2.1601
Meldergruppe 1602;;S/1602;Haus2.1602
Meldergruppe 1603;;S/1603;Haus2.1603
Meldergruppe 1604;;S/1604;Haus2.1604
Meldergruppe 1605;;S/1605;Haus2.1605
Meldergruppe 1606;;S/1606;Haus2.1606
Meldergruppe 1607;;S/1607;Haus2.1607
Meldergruppe 1608;;S/1608;Haus2.1608
Meldergruppe 1609;;S/1609;Haus2.1609
Meldergruppe 1610;;S/1610;Haus2.1610
Meldergruppe 1611;;S/1611;Haus2.1611
Meldergruppe 1612;;S/1612;Haus2.1612
Meldergruppe 1613;;S/1613;Haus2.1613
Meldergruppe 1614;;S/1614;Haus2.1614
Meldergruppe 1615;;S/1615;Haus2.1615
Meldergruppe 1616;;S/1616;Haus2.1616
Meldergruppe 1617;;S/1617;Haus2.1617
Meldergruppe 1618;;S/1618;Haus2.1618
Meldergruppe 1619;;S/1619;Haus2.1619
Meldergruppe 1620;;S/1620;Haus2.1620
Meldergruppe 1621;;S/1621;Haus2.1621
Meldergruppe 1622;;S/1622;Haus2.1622
Meldergruppe 1623;;S/1623;Haus2.1623
Meldergruppe 1624;;S/1624;Haus2.1624
Meldergruppe 1625;;S/1625;Haus2.1625
Meldergruppe 1626;;S/1626;Haus2.1626
Meldergruppe 1627;;S/1627;Haus2.1627
Meldergruppe 1628;;S/1628;Haus2.1628
Meldergruppe 1629;;S/1629;Haus2.1629
Meldergruppe 1630;;S/1630;Haus2.1630
Meldergruppe 1631;;S/1631;Haus2.1631
Meldergruppe 1632;;S/1632;Haus2.1632
Meldergruppe 1633;;S/1633;Haus2.1633
Meldergruppe 1634;;S/1634;Haus2.1634
Meldergruppe 1635;;S/1635;Haus2.1635
Meldergruppe 1636;;S/1636;Haus2.1636
Meldergruppe 1637;;S/1637;Haus2.1637
Meldergruppe 1638;;S/1638;Haus2.1638
Meldergruppe 1639;;S/1639;Haus2.1639
Meldergruppe 1640;;S/1640;Haus2.1640
Meldergruppe 1641;;S/1641;Haus2.1641
Meldergruppe 1642;;S/1642;Haus2.1642
Meldergruppe 1643;;S/1643;Haus2.1643
Meldergruppe 1644;;S/1644;Haus2.1644
Meldergruppe 1645;;S/1645;Haus2.1645
Meldergruppe 1646;;S/1646;Haus2.1646
Meldergruppe 1647;;S/1647;Haus2.1647
Meldergruppe 1648;;S/1648;Haus2.1648
Meldergruppe 1649;;S/1649;Haus2.1649
Meldergruppe 1650;;S/1650;Haus2.1650
Meldergruppe 1651;;S/1651;Haus2.1651
Meldergruppe 1652;;S/1652;Haus2.1652
Meldergruppe 1653;;S/1653;Haus2.1653
Meldergruppe 1654;;S/1654;Haus2.1654
Meldergruppe 1655;;S/1655;Haus2.1655
Meldergruppe 1656;;S/1656;Haus2.1656
Meldergruppe 1657;;S/1657;Haus2.1657
Meldergruppe 1658;;S/1658;Haus2.1658
Meldergruppe 1659;;S/1659;Haus2.1659
Meldergruppe 1660;;S/1660;Haus2.1660
Meldergruppe 1661;;S/1661;Haus2.1661
Meldergruppe 1662;;S/1662;Haus2.1662
Meldergruppe 1663;;S/1663;Haus2.1663
Meldergruppe 1664;;S/1664;Haus2.1664
Meldergruppe 1665;;S/1665;Haus2.1665
Meldergruppe 1666;;S/1666;Haus2.1666
Meldergruppe 1667;;S/1667;Haus2.1667
Meldergruppe 1668;;S/1668;Haus2.1668
Meldergruppe 1669;;S/1669;Haus2.1669
Meldergruppe 1670;;S/1670;Haus2.1670
Meldergruppe 1671;;S/1671;Haus2.1671
Meldergruppe 1672;;S/1672;Haus2.1672
Meldergruppe 1673;;S/1673;Haus2.1673
Meldergruppe 1674;;S/1674;Haus2.1674
Meldergruppe 1675;;S/1675;Haus2.1675
Meldergruppe 1676;;S/1676;Haus2.1676
Meldergruppe 1677;;S/1677;Haus2.1677
Meldergruppe 1678;;S/1678;Haus2.1678
Meldergruppe 1679;;S/1679;Haus2.1679
Meldergruppe 1680;;S/1680;Haus2.1680
Meldergruppe 1681;;S/1681;Haus2.1681
Meldergruppe 1682;;S/1682;Haus2.1682
Meldergruppe 1683;;S/1683;Haus2.1683
Meldergruppe 1684;;S/1684;Haus2.1684
Meldergruppe 1685;;S/1685;Haus2.1685
Meldergruppe 1686;;S/1686;Haus2.1686
Meldergruppe 1687;;S/1687;Haus2.1687
Meldergruppe 1688;;S/1688;Haus2.1688
Meldergruppe 1689;;S/1689;Haus2.1689
Meldergruppe 1690;;S/1690;Haus2.1690
Meldergruppe 1691;;S/1691;Haus2.1691
Meldergruppe 1692;;S/1692;Haus2.1692
Meldergruppe 1693;;S/1693;Haus2.1693
Meldergruppe 1694;;S/1694;Haus2.1694
Meldergruppe 1695;;S/1695;Haus2.1695
Meldergruppe 1696;;S/1696;Haus2.1696
Meldergruppe 1697;;S/1697;Haus2.1697
Meldergruppe 1698;;S/1698;Haus2.1698
Meldergruppe 1699;;S/1699;Haus2.1699
Meldergruppe 1700;;S/1700;Haus2.1700
Meldergruppe 1701;;S/1701;Haus2.1701
Meldergruppe 1702;;S/1702;Haus2.1702
Meldergruppe 1703;;S/1703;Haus2.1703
Meldergruppe 1704;;S/1704;Haus2.1704
Meldergruppe 1705;;S/1705;Haus2.1705
Meldergruppe 1706;;S/1706;Haus2.1706
Meldergruppe 1707;;S/1707;Haus2.1707
Meldergruppe 1708;;S/1708;Haus2.1708
Meldergruppe 1709;;S/1709;Haus2.1709
Meldergruppe 1710;;S/1710;Haus2.1710
Meldergruppe 1711;;S/1711;Haus2.1711
Meldergruppe 1712;;S/1712;Haus2.1712
Meldergruppe 1713;;S/1713;Haus2.1713
Meldergruppe 1714;;S/1714;Haus2.1714
Meldergruppe 1715;;S/1715;Haus2.1715
Meldergruppe 1716;;S/1716;Haus2.1716
Meldergruppe 1717;;S/1717;Haus2.1717
Meldergruppe 1718;;S/1718;Haus2.1718
Meldergruppe 1719;;S/1719;Haus2.1719
Meldergruppe 1720;;S/1720;Haus2.1720
Meldergruppe 1721;;S/1721;Haus2.1721
Meldergruppe 1722;;S/1722;Haus2.1722
Meldergruppe 1723;;S/1723;Haus2.1723
Meldergruppe 1724;;S/1724;Haus2.1724
Meldergruppe 1725;;S/1725;Haus2.1725
Meldergruppe 1726;;S/1726;Haus2.1726
Meldergruppe 1727;;S/1727;Haus2.1727
Meldergruppe 1728;;S/1728;Haus2.1728
Meldergruppe 1729;;S/1729;Haus2.1729
Meldergruppe 1730;;S/1730;Haus2.1730
Meldergruppe 1731;;S/1731;Haus2.1731
Meldergruppe 1732;;S/1732;Haus2.1732
Meldergruppe 1733;;S/1733;Haus2.1733
Meldergruppe 1734;;S/1734;Haus2.1734
Meldergruppe 1735;;S/1735;Haus2.1735
Meldergruppe 1736;;S/1736;Haus2.1736
Meldergruppe 1737;;S/1737;Haus2.1737
Meldergruppe 1738;;S/1738;Haus2.1738
Meldergruppe 1739;;S/1739;Haus2.1739
Meldergruppe 1740;;S/1740;Haus2.1740
Meldergruppe 1741;;S/1741;Haus2.1741
Meldergruppe 1742;;S/1742;Haus2.1742
Meldergruppe 1743;;S/1743;Haus2.1743
Meldergruppe 1744;;S/1744;Haus2.1744
Meldergruppe 1745;;S/1745;Haus2.1745
Meldergruppe 1746;;S/1746;Haus2.1746
Meldergruppe 1747;;S/1747;Haus2.1747
Meldergruppe 1748;;S/1748;Haus2.1748
Meldergruppe 1749;;S/1749;Haus2.1749
Meldergruppe 1750;;S/1750;Haus2.1750
Meldergruppe 1751;;S/1751;Haus2.1751
Meldergruppe 1752;;S/1752;Haus2.1752
Meldergruppe 1753;;S/1753;Haus2.1753
Meldergruppe 1754;;S/1754;Haus2.1754
Meldergruppe 1755;;S/1755;Haus2.1755
Meldergruppe 1756;;S/1756;Haus2.1756
Meldergruppe 1757;;S/1757;Haus2.1757
Meldergruppe 1758;;S/1758;Haus2.1758
Meldergruppe 1759;;S/1759;Haus2.1759
Meldergruppe 1760;;S/1760;Haus2.1760
Meldergruppe 1761;;S/1761;Haus2.1761
Meldergruppe 1762;;S/1762;Haus2.1762
Meldergruppe 1763;;S/1763;Haus2.1763
Meldergruppe 1764;;S/1764;Haus2.1764
Meldergruppe 1765;;S/1765;Haus2.1765
Meldergruppe 1766;;S/1766;Haus2.1766
Meldergruppe 1767;;S/1767;Haus2.1767
Meldergruppe 1768;;S/1768;Haus2.1768
Meldergruppe 1769;;S/1769;Haus2.1769
Meldergruppe 1770;;S/1770;Haus2.1770
Meldergruppe 1771;;S/1771;Haus2.1771
Meldergruppe 1772;;S/1772;Haus2.1772
Meldergruppe 1773;;S/1773;Haus2.1773
Meldergruppe 1774;;S/1774;Haus2.1774
Meldergruppe 1775;;S/1775;Haus2.1775
Meldergruppe 1776;;S/1776;Haus2.1776
Meldergruppe 1777;;S/1777;Haus2.1777
Meldergruppe 1778;;S/1778;Haus2.1778
Meldergruppe 1779;;S/1779;Haus2.1779
Meldergruppe 1780;;S/1780;Haus2.1780
Meldergruppe 1781;;S/1781;Haus2.1781
Meldergruppe 1782;;S/1782;Haus2.1782
Meldergruppe 1783;;S/1783;Haus2.1783
Meldergruppe 1784;;S/1784;Haus2.1784
Meldergruppe 1785;;S/1785;Haus2.1785
Meldergruppe 1786;;S/1786;Haus2.1786
Meldergruppe 1787;;S/1787;Haus2.1787
Meldergruppe 1788;;S/1788;Haus2.1788
Meldergruppe 1789;;S/1789;Haus2.1789
Meldergruppe 1790;;S/1790;Haus2.1790
Meldergruppe 1791;;S/1791;Haus2.1791
Meldergruppe 1792;;S/1792;Haus2.1792
Meldergruppe 1793;;S/1793;Haus2.1793
Meldergruppe 1794;;S/1794;Haus2.1794
Meldergruppe 1795;;S/1795;Haus2.1795
Meldergruppe 1796;;S/1796;Haus2.1796
Meldergruppe 1797;;S/1797;Haus2.1797
Meldergruppe 1798;;S/1798;Haus2.1798
Meldergruppe 1799;;S/1799;Haus2.1799
Meldergruppe 1800;;S/1800;Haus2.1800
Meldergruppe 1801;;S/1801;Haus2.1801
Meldergruppe 1802;;S/1802;Haus2.1802
Meldergruppe 1803;;S/1803;Haus2.1803
Meldergruppe 1804;;S/1804;Haus2.1804
Meldergruppe 1805;;S/1805;Haus2.1805
Meldergruppe 1806;;S/1806;Haus2.1806
Meldergruppe 1807;;S/1807;Haus2.1807
Meldergruppe 1808;;S/1808;Haus2.1808
Meldergruppe 1809;;S/1809;Haus2.1809
Meldergruppe 1810;;S/1810;Haus2.1810
Meldergruppe 1811;;S/1811;Haus2.1811
Meldergruppe 1812;;S/1812;Haus2.1812
Meldergruppe 1813;;S/1813;Haus2.1813
Meldergruppe 1814;;S/1814;Haus2.1814
Meldergruppe 1815;;S/1815;Haus2.1815
Meldergruppe 1816;;S/1816;Haus2.1816
Meldergruppe 1817;;S/1817;Haus2.1817
Meldergruppe 1818;;S/1818;Haus2.1818
Meldergruppe 1819;;S/1819;Haus2.1819
Meldergruppe 1820;;S/1820;Haus2.1820
Meldergruppe 1821;;S/1821;Haus2.1821
Meldergruppe 1822;;S/1822;Haus2.1822
Meldergruppe 1823;;S/1823;Haus2.1823
Meldergruppe 1824;;S/1824;Haus2.1824
Meldergruppe 1825;;S/1825;Haus2.1825
Meldergruppe 1826;;S/1826;Haus2.1826
Meldergruppe 1827;;S/1827;Haus2.1827
Meldergruppe 1828;;S/1828;Haus2.1828
Meldergruppe 1829;;S/1829;Haus2.1829
Meldergruppe 1830;;S/1830;Haus2.1830
Meldergruppe 1831;;S/1831;Haus2.1831
Meldergruppe 1832;;S/1832;Haus2.1832
Meldergruppe 1833;;S/1833;Haus2.1833
Meldergruppe 1834;;S/1834;Haus2.1834
Meldergruppe 1835;;S/1835;Haus2.1835
Meldergruppe 1836;;S/1836;Haus2.1836
Meldergruppe 1837;;S/1837;Haus2.1837
Meldergruppe 1838;;S/1838;Haus2.1838
Meldergruppe 1839;;S/1839;Haus2.1839
Meldergruppe 1840;;S/1840;Haus2.1840
Meldergruppe 1841;;S/1841;Haus2.1841
Meldergruppe 1842;;S/1842;Haus2.1842
Meldergruppe 1843;;S/1843;Haus2.1843
Meldergruppe 1844;;S/1844;Haus2.1844
Meldergruppe 1845;;S/1845;Haus2.1845
Meldergruppe 1846;;S/1846;Haus2.1846
Meldergruppe 1847;;S/1847;Haus2.1847
Meldergruppe 1848;;S/1848;Haus2.1848
Meldergruppe 1849;;S/1849;Haus2.1849
Meldergruppe 1850;;S/1850;Haus2.1850
Meldergruppe 1851;;S/1851;Haus2.1851
Meldergruppe 1852;;S/1852;Haus2.1852
Meldergruppe 1853;;S/1853;Haus2.1853
Meldergruppe 1854;;S/1854;Haus2.1854
Meldergruppe 1855;;S/1855;Haus2.1855
Meldergruppe 1856;;S/1856;Haus2.1856
Meldergruppe 1857;;S/1857;Haus2.1857
Meldergruppe 1858;;S/1858;Haus2.1858
Meldergruppe 1859;;S/1859;Haus2.1859
Meldergruppe 1860;;S/1860;Haus2.1860
Meldergruppe 1861;;S/1861;Haus2.1861
Meldergruppe 1862;;S/1862;Haus2.1862
Meldergruppe 1863;;S/1863;Haus2.1863
Meldergruppe 1864;;S/1864;Haus2.1864
Meldergruppe 1865;;S/1865;Haus2.1865
Meldergruppe 1866;;S/1866;Haus2.1866
Meldergruppe 1867;;S/1867;Haus2.1867
Meldergruppe 1868;;S/1868;Haus2.1868
Meldergruppe 1869;;S/1869;Haus2.1869
Meldergruppe 1870;;S/1870;Haus2.1870
Meldergruppe 1871;;S/1871;Haus2.1871
Meldergruppe 1872;;S/1872;Haus2.1872
Meldergruppe 1873;;S/1873;Haus2.1873
Meldergruppe 1874;;S/1874;Haus2.1874
Meldergruppe 1875;;S/1875;Haus2.1875
Meldergruppe 1876;;S/1876;Haus2.1876
Meldergruppe 1877;;S/1877;Haus2.1877
Meldergruppe 1878;;S/1878;Haus2.1878
Meldergruppe 1879;;S/1879;Haus2.1879
Meldergruppe 1880;;S/1880;Haus2.1880
Meldergruppe 1881;;S/1881;Haus2.1881
Meldergruppe 1882;;S/1882;Haus2.1882
Meldergruppe 1883;;S/1883;Haus2.1883
Meldergruppe 1884;;S/1884;Haus2.1884
Meldergruppe 1885;;S/1885;Haus2.1885
Meldergruppe 1886;;S/1886;Haus2.1886
Meldergruppe 1887;;S/1887;Haus2.1887
Meldergruppe 1888;;S/1888;Haus2.1888
Meldergruppe 1889;;S/1889;Haus2.1889
Meldergruppe 1890;;S/1890;Haus2.1890
Meldergruppe 1891;;S/1891;Haus2.1891
Meldergruppe 1892;;S/1892;Haus2.1892
Meldergruppe 1893;;S/1893;Haus2.1893
Meldergruppe 1894;;S/1894;Haus2.1894
Meldergruppe 1895;;S/1895;Haus2.1895
Meldergruppe 1896;;S/1896;Haus2.1896
Meldergruppe 1897;;S/1897;Haus2.1897
Meldergruppe 1898;;S/1898;Haus2.1898
Meldergruppe 1899;;S/1899;Haus2.1899
Meldergruppe 1900;;S/1900;Haus2.1900
Meldergruppe 1901;;S/1901;Haus2.1901
Meldergruppe 1902;;S/1902;Haus2.1902
Meldergruppe 1903;;S/1903;Haus2.1903
Meldergruppe 1904;;S/1904;Haus2.1904
Meldergruppe 1905;;S/1905;Haus2.1905
Meldergruppe 1906;;S/1906;Haus2.1906
Meldergruppe 1907;;S/1907;Haus2.1907
Meldergruppe 1908;;S/1908;Haus2.1908
Meldergruppe 1909;;S/1909;Haus2.1909
Meldergruppe 1910;;S/1910;Haus2.1910
Meldergruppe 1911;;S/1911;Haus2.1911
Meldergruppe 1912;;S/1912;Haus2.1912
Meldergruppe 1913;;S/1913;Haus2.1913
Meldergruppe 1914;;S/1914;Haus2.1914
Meldergruppe 1915;;S/1915;Haus2.1915
Meldergruppe 1916;;S/1916;Haus2.1916
Meldergruppe 1917;;S/1917;Haus2.1917
Meldergruppe 1918;;S/1918;Haus2.1918
Meldergruppe 1919;;S/1919;Haus2.1919
Meldergruppe 1920;;S/1920;Haus2.1920
Meldergruppe 1921;;S/1921;Haus2.1921
Meldergruppe 1922;;S/1922;Haus2.1922
Meldergruppe 1923;;S/1923;Haus2.1923
Meldergruppe 1924;;S/1924;Haus2.1924
Meldergruppe 1925;;S/1925;Haus2.1925
Meldergruppe 1926;;S/1926;Haus2.1926
Meldergruppe 1927;;S/1927;Haus2.1927
Meldergruppe 1928;;S/1928;Haus2.1928
Meldergruppe 1929;;S/1929;Haus2.1929
Meldergruppe 1930;;S/1930;Haus2.1930
Meldergruppe 1931;;S/1931;Haus2.1931
Meldergruppe 1932;;S/1932;Haus2.1932
Meldergruppe 1933;;S/1933;Haus2.1933
Meldergruppe 1934;;S/1934;Haus2.1934
Meldergruppe 1935;;S/1935;Haus2.1935
Meldergruppe 1936;;S/1936;Haus2.1936
Meldergruppe 1937;;S/1937;Haus2.1937
Meldergruppe 1938;;S/1938;Haus2.1938
Meldergruppe 1939;;S/1939;Haus2.1939
Meldergruppe 1940;;S/1940;Haus2.1940
Meldergruppe 1941;;S/1941;Haus2.1941
Meldergruppe 1942;;S/1942;Haus2.1942
Meldergruppe 1943;;S/1943;Haus2.1943
Meldergruppe 1944;;S/1944;Haus2.1944
Meldergruppe 1945;;S/1945;Haus2.1945
Meldergruppe 1946;;S/1946;Haus2.1946
Meldergruppe 1947;;S/1947;Haus2.1947
Meldergruppe 1948;;S/1948;Haus2.1948
Meldergruppe 1949;;S/1949;Haus2.1949
Meldergruppe 1950;;S/1950;Haus2.1950
Meldergruppe 1951;;S/1951;Haus2.1951
Meldergruppe 1952;;S/1952;Haus2.1952
Meldergruppe 1953;;S/1953;Haus2.1953
Meldergruppe 1954;;S/1954;Haus2.1954
Meldergruppe 1955;;S/1955;Haus2.1955
Meldergruppe 1956;;S/1956;Haus2.1956
Meldergruppe 1957;;S/1957;Haus2.1957
Meldergruppe 1958;;S/1958;Haus2.1958
Meldergruppe 1959;;S/1959;Haus2.1959
Meldergruppe 1960;;S/1960;Haus2.1960
Meldergruppe 1961;;S/1961;Haus2.1961
Meldergruppe 1962;;S/1962;Haus2.1962
Meldergruppe 1963;;S/1963;Haus2.1963
Meldergruppe 1964;;S/1964;Haus2.1964
Meldergruppe 1965;;S/1965;Haus2.1965
Meldergruppe 1966;;S/1966;Haus2.1966
Meldergruppe 1967;;S/1967;Haus2.1967
Meldergruppe 1968;;S/1968;Haus2.1968
Meldergruppe 1969;;S/1969;Haus2.1969
Meldergruppe 1970;;S/1970;Haus2.1970
Meldergruppe 1971;;S/1971;Haus2.1971
Meldergruppe 1972;;S/1972;Haus2.1972
Meldergruppe 1973;;S/1973;Haus2.1973
Meldergruppe 1974;;S/1974;Haus2.1974
Meldergruppe 1975;;S/1975;Haus2.1975
Meldergruppe 1976;;S/1976;Haus2.1976
Meldergruppe 1977;;S/1977;Haus2.1977
Meldergruppe 1978;;S/1978;Haus2.1978
Meldergruppe 1979;;S/1979;Haus2.1979
Meldergruppe 1980;;S/1980;Haus2.1980
Meldergruppe 1981;;S/1981;Haus2.1981
Meldergruppe 1982;;S/1982;Haus2.1982
Meldergruppe 1983;;S/1983;Haus2.1983
Meldergruppe 1984;;S/1984;Haus2.1984
Meldergruppe 1985;;S/1985;Haus2.1985
Meldergruppe 1986;;S/1986;Haus2.1986
Meldergruppe 1987;;S/1987;Haus2.1987
Meldergruppe 1988;;S/1988;Haus2.1988
Meldergruppe 1989;;S/1989;Haus2.1989
Meldergruppe 1990;;S/1990;Haus2.1990
Meldergruppe 1991;;S/1991;Haus2.1991
Meldergruppe 1992;;S/1992;Haus2.1992
Meldergruppe 1993;;S/1993;Haus2.1993
Meldergruppe 1994;;S/1994;Haus2.1994
Meldergruppe 1995;;S/1995;Haus2.1995
Meldergruppe 1996;;S/1996;Haus2.1996
Meldergruppe 1997;;S/1997;Haus2.1997
Meldergruppe 1998;;S/1998;Haus2.1998
Meldergruppe 1999;;S/1999;Haus2.1999
Meldergruppe 2000;;S/2000;Haus2.2000
